number,bank_name,assets,loans,liabilities,deposits,equity,net_income,year,ROA,ROE,LDR,EAR,LDR_score,ROA_norm,ROE_norm,EAR_norm,health_score,category
1.0,"""Halyk Bank of Kazakhstan"", JSC",13862789955.0,8087487621.0,11976108268.0,5137146018.0,1886681687.0,539280069.0,2023,0.038901265239577,0.2858352167807944,1.5743153090572712,0.1360968241691865,0.9939161431795076,0.31088400914291575,0.032567849429895,0.1740143499760866,0.2953977244738229,Weak
2.0,"""Kaspi Bank"", JSC",5086784318.0,3380024868.0,4542689952.0,3699473064.0,544094366.0,361709053.0,2023,0.0711076055888713,0.6647910281798434,0.913650352232974,0.1069623424124112,0.9990852779209789,0.3578518022868745,0.04227074520887937,0.134844828466254,0.31013240758159877,Weak
3.0,"""Bank CenterCredit"", JSC",4346622613.0,2161666091.0,4072047714.0,1888551275.0,274574899.0,145004425.0,2023,0.0333602518346811,0.5281051746831381,1.144616044909874,0.0631697120837667,0.998468048304995,0.3028033278675359,0.03877100051293779,0.07596832639045914,0.2807164711374839,Weak
4.0,"""Otbasy bank"", JSC",3440104965.0,2984577792.0,2977843722.0,2187315404.0,462261242.0,96035130.0,2023,0.0279163371400209,0.2077507722354105,1.3644935643675464,0.1343741678533346,0.9961388341514993,0.2948642495214996,0.03056855240213171,0.17169834435151018,0.28907705744872236,Weak
5.0,"""ForteBank"", JSC",2914126826.0,1275636947.0,2586495445.0,776167011.0,327631382.0,92904022.0,2023,0.0318805692226931,0.2835626472436026,1.643508328647583,0.1124286627050184,0.9931831652882235,0.30064544758418704,0.0325096618927031,0.14219396040099727,0.28691085717029463,Weak
6.0,"""First Heartland Jusan Bank"", JSC ",2843661507.0,1139776680.0,2321466900.0,651730329.0,522194607.0,82522860.0,2023,0.0290199307466308,0.1580308545775541,1.7488470756744543,0.1836345872089761,0.9920672872253289,0.2964736641792375,0.029295509042820723,0.23792595298523722,0.2985181966593053,Weak
7.0,"""Eurasian Bank"", JSC",2360045578.0,1152973628.0,2164593675.0,854819466.0,195451903.0,82582381.0,2023,0.0349918585343524,0.42252021971871,1.3487919658582035,0.0828170035451747,0.9963051648685761,0.3051827651190626,0.03606757234787977,0.10238290317724562,0.28424082832030306,Weak
8.0,"""Bank RBK"" Bank"", JSC",1984418179.0,945226623.0,1862824106.0,462388397.0,121594073.0,38686436.0,2023,0.0194951025995413,0.3181605406046395,2.044226518512747,0.0612744200223334,0.9889382634824395,0.2825832266662383,0.03339551650518471,0.0734202226078867,0.269946333023547,Weak
9.0,"""Bereke Bank"", JSC",1694922688.0,1324575404.0,1564134032.0,205727957.0,130788657.0,-128975021.0,2023,-0.0760949286437305,-0.9861330788036152,6.4384803276882785,0.0771649691906183,0.9423889018577063,0.14318046418636765,0.0,0.09478409009131779,0.20568911125758227,Weak
11.0,"""Bank Freedom Finance Kazakhstan"", JSC",1264198200.0,343481254.0,1194737052.0,309293225.0,69461148.0,19075418.0,2023,0.0150889457048744,0.2746199645303875,1.1105359776309358,0.0549448243163136,0.9988290664538899,0.27615755199025555,0.032280690820771236,0.06491046989543865,0.26751431543625864,Weak
12.0,"""Altyn Bank"", JSC (SB of China Citic Bank Corporation Limited)",981451106.0,337306001.0,886515066.0,321693910.0,94936040.0,24270074.0,2023,0.0247287652452856,0.2556465805820423,1.0485308876378792,0.0967302797048353,0.9994859009204458,0.2902156860473604,0.03179489073145267,0.12108844852923499,0.28078985429003667,Weak
13.0,"""Home Credit Bank"", Joint Stock Company",551954564.0,442557580.0,422606351.0,216777593.0,129348213.0,15328226.0,2023,0.0277708112220628,0.1185035776257689,2.0415282496470932,0.2343457621993682,0.9889668468776285,0.29465202325991224,0.028283441046622722,0.30610401347581456,0.3072880415603037,Weak
14.0,"Subsidiary Bank ""Bank of China in Kazakhstan"", JSC",550684248.0,26422739.0,471111003.0,2740347.0,79573245.0,16779793.0,2023,0.0304708062032673,0.2108722975919858,9.642114301582977,0.1444988580824632,0.908452055503334,0.29858953383676107,0.030648476853202898,0.18531036858523525,0.27929766735477274,Weak
15.0,"""Nurbank"", JSC",468758948.0,270340295.0,419162082.0,151345395.0,49596866.0,5992861.0,2023,0.0127845260886625,0.1208314452772076,1.7862472459105876,0.1058046277550738,0.9916710984468124,0.272796924775947,0.02834304445295601,0.13328835220724933,0.2741429068282253,Weak
16.0,"""Industrial and Commercial Bank of China in Almaty"", JSC",290361506.0,6373447.0,241198570.0,6971655.0,49162936.0,12834423.0,2023,0.0442015306257572,0.2610589204843258,0.9141942623379958,0.1693163004878477,0.999091039688339,0.3186135979619587,0.03193346987026681,0.21867589580593752,0.3053565140654204,Weak
17.0,"Subsidiary JSC ""Bank VTB (Kazakhstan)"" ",192889251.0,99055608.0,147964351.0,17091924.0,44924901.0,-33615846.0,2023,-0.1742753721408768,-0.748267558786607,5.795462699225669,0.232905155508121,0.9492005384672905,0.0,0.006090378563184486,0.30416720625023574,0.1901367942047435,Weak
18.0,"SB ""KAZAKHSTAN-ZIRAAT INTERNATIONAL BANK"", JSC",171056372.0,78944779.0,112407280.0,18418213.0,58649092.0,-10895533.0,2023,-0.0636955693179322,-0.185774964768423,4.286234446305947,0.3428641173332029,0.9651881474608196,0.16126294538775854,0.02049260397321208,0.45200027760407213,0.2761927060360735,Weak
19.0,"""Shinhan Bank Kazakhstan"", JSC",126385913.0,22453969.0,106115110.0,11418398.0,20270803.0,3371589.0,2023,0.0266769366930949,0.1663273526954013,1.9664727924179908,0.1603881518029624,0.9897619269463246,0.29305678232148824,0.02950793501478515,0.20667254819621822,0.29236282233907707,Weak
20.0,"""Al-Hilal"" Islamic Bank"", JSC",60315857.0,33092671.0,39308069.0,2037946.0,21007788.0,3122823.0,2023,0.05177449439208,0.148650728958232,16.23824723520643,0.3482962697520819,0.8385776716862418,0.3296575536491232,0.029055337554377118,0.45930347293091156,0.3202316836137981,Weak
21.0,"""Islamic bank ""Zaman-Bank"", JSC",36090236.0,18060913.0,22737815.0,192613.0,13352421.0,334582.0,2023,0.0092707069025539,0.0250577779115862,93.76788171099562,0.3699732248910758,0.017288062899619816,0.267672581839478,0.025890827374165294,0.48844680788613326,0.1786074238426381,Weak
1.0,"""Halyk Bank of Kazakhstan"", JSC",14943264219.0,9538649103.0,12548272708.0,5697023282.0,2394991511.0,673757575.0,2024,0.0450877107655858,0.2813194000502659,1.6743215940748897,0.1602723123877329,0.992856753137833,0.3199059498729285,0.032452225133406315,0.20651680921639365,0.3032313956053512,Weak
2.0,"""Kaspi Bank"", JSC",6688923342.0,4545664717.0,5933222176.0,5052073784.0,755701166.0,475579980.0,2024,0.0710996307901774,0.6293228082699558,0.8997621395388552,0.1129779977077811,0.9989381568253175,0.3578401723192546,0.04136260650009112,0.14293250757634948,0.311001572247021,Weak
3.0,"""Bank CenterCredit"", JSC",5260803086.0,3074094927.0,4847420562.0,2221221212.0,413382524.0,130515999.0,2024,0.0248091397580205,0.3157269391484967,1.3839661310599802,0.0785778363573595,0.9959325566836763,0.2903328994111651,0.03333320585949395,0.09668360322974305,0.2771755608317436,Weak
4.0,"""Otbasy bank"", JSC",3996033887.0,3213567923.0,3401391556.0,2430239515.0,594642331.0,146900472.0,2024,0.0367615681333184,0.2470400513750172,1.322325599252714,0.1488081302149378,0.9965855292998338,0.30776360334742514,0.03157452663251921,0.1911039203255346,0.2969217629367858,Weak
5.0,"""ForteBank"", JSC",3444410186.0,1624803018.0,3021030300.0,920551187.0,423379886.0,126745630.0,2024,0.0367974843748763,0.2993662056019354,1.7650327770420875,0.1229179636388405,0.9918958282930891,0.3078159814377547,0.03291430083760248,0.15629618133564305,0.2914844002406848,Weak
6.0,"""First Heartland Jusan Bank"", JSC ",2869282945.0,1239682187.0,2205462155.0,736972719.0,663820790.0,140768741.0,2024,0.0490605993547283,0.2120583493626344,1.682127648744078,0.2313542451980106,0.992774061769187,0.3256997720649283,0.03067884487072082,0.3020821025830815,0.31896094058031743,Weak
7.0,"""Eurasian Bank"", JSC",2758772279.0,1453168952.0,2447501529.0,1056511444.0,311270750.0,97035541.0,2024,0.0351734507913692,0.31173999163108,1.375440805920887,0.1128294467685565,0.9960228674531725,0.3054475883641631,0.03323112288550563,0.14273278996139963,0.28935089754956983,Weak
8.0,"""Freedom Bank Kazakhstan"", JSC",2210863836.0,640906132.0,2077076935.0,459441919.0,133786902.0,34255905.0,2024,0.0154943531312074,0.2560482714518645,1.3949666007728825,0.0605134064891366,0.9958160261269664,0.27674877384075214,0.03180517574233788,0.07239708664800666,0.26822584927032744,Weak
9.0,"""Bereke Bank"" JSC",2076026637.0,1489035487.0,1916096429.0,429992047.0,159930208.0,26217116.0,2024,0.0126285065580302,0.1639284806032391,3.462937273814276,0.07703668399511,0.9739095275793079,0.27256939525965673,0.029446513589919194,0.0946116185242309,0.26598374001288233,Weak
10.0,"""Bank RBK"" Bank"", JSC",2043613069.0,1125793686.0,1879177272.0,482754120.0,164435797.0,48315017.0,2024,0.0236419592989009,0.2938229867308029,2.3320229478310823,0.0804632733536311,0.9858895683809703,0.28863075350538847,0.03277237063527064,0.09921845748242665,0.2752572973287402,Weak
12.0,"""Altyn Bank"", JSC (SB of China Citic Bank Corporation Limited)",888696926.0,426162570.0,770722010.0,328044978.0,117974917.0,34003710.0,2024,0.0382624368389004,0.288228301953372,1.299097985276885,0.1327504501799075,0.9968315848645768,0.3099523801576895,0.03262912268477405,0.16951535565563586,0.2948555670728941,Weak
13.0," ""Home Credit Bank"", Joint Stock Company",802996035.0,614100186.0,646182934.0,324197465.0,156813101.0,26603739.0,2024,0.0331305982102389,0.169652527947904,1.8942164954929552,0.1952850252865819,0.9905273548531524,0.30246841480971626,0.029593073777541626,0.25358925150173234,0.302839011958773,Weak
14.0,"""Shinhan Bank Kazakhstan"", JSC",475116057.0,48034140.0,429546823.0,8475703.0,45569234.0,25264089.0,2024,0.0531745636203577,0.5544110967500573,5.6672750331152475,0.09591179529426,0.9505584604910808,0.3316993305535398,0.03944454505957789,0.11998804650413163,0.29048233251387306,Weak
15.0,"""Nurbank"", JSC",465708253.0,288306279.0,410244149.0,172743485.0,55464104.0,7053331.0,2024,0.0151453854522951,0.1271692949371362,1.6689849634560747,0.1190962445752491,0.9929132853181122,0.27623986032933423,0.028505320615145283,0.15115811475475838,0.2782715233414984,Weak
16.0,"Subsidiary Bank ""Bank of China in Kazakhstan"", JSC",416647689.0,46431391.0,314668310.0,3902343.0,101979379.0,22406134.0,2024,0.0537771709565392,0.2197123989154709,11.898336717197848,0.2447616576123622,0.8845513620770726,0.332578136912966,0.030874821401135205,0.3201075451957003,0.30790737150085135,Weak
17.0,"""Industrial and Commercial Bank of China in Almaty"", JSC",349496322.0,12646544.0,283654686.0,9122176.0,65841635.0,16678700.0,2024,0.0477221044975689,0.2533153983797638,1.3863516774944926,0.1883900655183432,0.9959072860305747,0.32374779152651567,0.0317352024583872,0.24431940152787276,0.3104530510284831,Weak
18.0,"SB ""KAZAKHSTAN-ZIRAAT INTERNATIONAL BANK"", JSC",233011213.0,108206426.0,159155214.0,27186683.0,73855998.0,15112460.0,2024,0.0648572221286191,0.2046206186259916,3.9801260786393104,0.316963278501108,0.9684308252217441,0.34873661831230107,0.030488407030743216,0.41717819042139836,0.3405701112165368,Weak
19.0,"Subsidiary JSC ""Bank VTB (Kazakhstan)"" ",227312981.0,89092790.0,160340672.0,42374219.0,66972309.0,22047401.0,2024,0.0969913856349453,0.3292017451570917,2.102523470698068,0.2946259765076944,0.9883207101897217,0.395599153081867,0.03367821874598523,0.38714705967375185,0.3565672456192693,Moderate
20.0,"""Al-Hilal"" Islamic Bank"", JSC",177999121.0,130500889.0,152654501.0,2356585.0,25344620.0,4336825.0,2024,0.0243643057091276,0.1711142246362344,55.37711943341743,0.1423862087498735,0.4239704153337528,0.28968418014144376,0.029630499488404842,0.18247004129997774,0.2027262063655066,Weak
1.0,"""Halyk Bank of Kazakhstan"", JSC",17941741778.0,11739618848.0,253627269.0,559180782.0,7026468274.0,5561631677.0,2025,0.3099828180461064,0.79152590748608,20.99431744776951,0.3916268755253067,0.7881955040074115,0.7062130704170011,0.04551570224207731,0.5175588113658817,0.4589682177366714,Moderate
2.0,"""Kaspi Bank"", JSC",8189804623.0,6047053230.0,328134361.0,298052878.0,6146194422.0,656322264.0,2025,0.0801389403303717,0.1067851452356806,20.288524877119286,0.7504689922320263,0.7956721303084788,0.37102255864578304,0.027983398865571777,1.0,0.409002904675246,Moderate
3.0,"""Bank CenterCredit"", JSC",7030812467.0,4009027342.0,41621006.0,173438301.0,2798970431.0,2472635939.0,2025,0.3516856623051215,0.8834090962928075,23.115005848679296,0.3981005672014889,0.7657305541992782,0.7670299947067263,0.04786830636639727,0.5262622922609649,0.47901333234462967,Moderate
5.0,"""ForteBank"", JSC",4112145508.0,1899076280.0,23428188.0,88248794.0,1088239686.0,1829009346.0,2025,0.4447822535563836,1.6807045079589205,21.519572040837183,0.2646403644722389,0.7826313588625167,0.9027964740047311,0.06828249200956842,0.3468332457740029,0.5092973288004827,Moderate
6.0,"""First Heartland Jusan Bank"", JSC ",3326262915.0,1347872534.0,142101625.0,191823987.0,824223493.0,868886826.0,2025,0.2612201284756229,1.0541883765499511,7.026610983745218,0.2477926472026941,0.9361586958249504,0.6351004915877916,0.052240989163970505,0.32418252456021135,0.429620701320891,Moderate
7.0,"""Eurasian Bank"", JSC",3142702412.0,1612781668.0,92562268.0,179979939.0,1193794922.0,1052534383.0,2025,0.3349137923403229,0.8816710170258204,8.960896847509211,0.3798625404179694,0.9156683518284453,0.7425709065085448,0.047823804074900736,0.5017423852875779,0.4892497592716094,Moderate
8.0,"""Freedom Bank Kazakhstan"", JSC",2547968765.0,796886724.0,11149970.0,21340801.0,585892179.0,467756420.0,2025,0.1835801232830262,0.7983660420222131,37.34099408920968,0.2299448042880541,0.6150313229225354,0.5218749694069805,0.045690839053605034,0.3001871958364894,0.33593081077505865,Weak
9.0,"""Bank RBK"" Bank"", JSC",2452692704.0,1124221963.0,39467414.0,51534418.0,639381506.0,1010343767.0,2025,0.4119324713415056,1.5801892258672867,21.814973499846257,0.2606855334780659,0.7795021018971646,0.8548903238753112,0.06570886923616454,0.34151621837714563,0.49036246563016295,Moderate
10.0,"""Bereke Bank"" JSC",2445232022.0,1371587483.0,44941489.0,164860645.0,652730071.0,857293183.0,2025,0.3505978881704666,1.3133961818039177,8.319678010479699,0.2669399325410928,0.922460933418328,0.7654436502171096,0.05887782186009215,0.3499248738210798,0.4793703863129317,Moderate
12.0," ""Home Credit Bank"", Joint Stock Company",1036276926.0,773711570.0,51018598.0,40442503.0,458539956.0,64348853.0,2025,0.0620961939665922,0.140334232945231,19.131149474106486,0.4424878567642641,0.8079324795076805,0.3447101006088835,0.02884239955043788,0.5859382771577262,0.3398239885555735,Weak
13.0,"""Altyn Bank"", JSC (SB of China Citic Bank Corporation Limited)",1002473946.0,582913261.0,2064977.0,19487314.0,361595454.0,424752568.0,2025,0.4237043463272211,1.17466235623637,29.912447708288585,0.3607030940233533,0.6937236576960879,0.872057719588365,0.05532564028638297,0.4759836862334621,0.5000402775455943,Moderate
15.0,"""Nurbank"", JSC",533793102.0,276166156.0,24360107.0,40439858.0,165959128.0,218200544.0,2025,0.4087736300496442,1.3147848306361312,6.829058499661398,0.3109053439959964,0.9382514156406061,0.85028365938746,0.058913377232215444,0.40903366951026376,0.5203117255895169,Moderate
17.0,"""Industrial and Commercial Bank of China in Almaty"", JSC",358221019.0,38808750.0,0.0,1483769.0,12325789.0,177420415.0,2025,0.4952819784145609,14.394244052044051,26.15552016520092,0.0344083354863104,0.7335216726482375,0.9764422408084615,0.3938036885913926,0.037300421854128275,0.5952093894653038,Moderate
18.0,"SB ""KAZAKHSTAN-ZIRAAT INTERNATIONAL BANK"", JSC",295840718.0,176800544.0,1114088.0,6407439.0,37680442.0,133419111.0,2025,0.4509829204781743,3.540805359979589,27.59301243445314,0.1273673287934624,0.7182939797611181,0.9118391543645203,0.11590905996989254,0.16227807954080103,0.49179768391233236,Moderate
19.0,"Subsidiary JSC ""Bank VTB (Kazakhstan)"" ",244400004.0,68420179.0,7974710.0,11218861.0,36703676.0,62012284.0,2025,0.2537327454380892,1.6895387808022282,6.098674277183753,0.1501787045797266,0.9459885470794227,0.6241813416973516,0.06850868732338421,0.19294657338902818,0.41328177822752515,Moderate
21.0,"""Islamic bank ""Zaman-Bank"", JSC",52017533.0,18723044.0,3434858.0,7718820.0,346650.0,13196902.0,2025,0.2537010357642297,38.06981681811626,2.4256355246009105,0.0066640991990143,0.9848979083909208,0.6241350982127971,0.9999999999999999,0.0,0.716181970633117,Strong
1.0,"""Halyk Bank of Kazakhstan"", JSC",20269148985.0,13232858549.0,495446762.0,586017723.0,7767891158.0,6138166898.0,2026,0.3028329853681817,0.7901973358211155,22.580986938854068,0.3832371632251831,0.771387541807958,0.6957861837049863,0.04548168510337064,0.5062793584089202,0.4510937891154566,Moderate
2.0,"""Kaspi Bank"", JSC",9484289736.0,8068150446.0,490759454.0,364489032.0,7046825772.0,886986061.0,2026,0.0935216116008373,0.1258702981595441,22.135509542575207,0.7429998416488697,0.7761065883891385,0.3905390429506693,0.028472060720532027,0.9899581857377953,0.4115636024039605,Moderate
3.0,"""Bank CenterCredit"", JSC",8571447512.0,4729303893.0,53898525.0,210586850.0,3332945439.0,3118332382.0,2026,0.3638046406554254,0.9356085897810582,22.457736050470388,0.3888427753111579,0.7726931673869726,0.7847035851271187,0.049204837512766025,0.513815759605633,0.4848442869728504,Moderate
5.0,"""ForteBank"", JSC",5171612588.0,2980156945.0,101106539.0,114556140.0,1362019533.0,2385739679.0,2026,0.4613144620569169,1.7516192838623557,26.014816359908775,0.2633645714608195,0.7350121810710428,0.9269060543123508,0.07009821473787485,0.34511802041938455,0.5109710243911431,Moderate
6.0,"""Alatau City Bank"", JSC ",3351695235.0,1198300133.0,143258650.0,80115249.0,752419016.0,815406378.0,2026,0.2432817785713742,1.0837131447512485,14.957204127269204,0.224489090816755,0.8521480618998718,0.6089402790796613,0.052996949991430134,0.2928523241216068,0.40342808807810376,Moderate
7.0,"""Eurasian Bank"", JSC",3026705170.0,1598068946.0,73876590.0,127822720.0,1117368895.0,1008811519.0,2026,0.3333035305186332,0.902845536075174,12.502229228105929,0.3691700486968805,0.8781541870176732,0.7402225973455514,0.04836596267314862,0.48736698681784185,0.4808341720818722,Moderate
8.0,"""Bereke Bank"" JSC (SB of Lesha Bank LLC (Public))",2798005998.0,1558317540.0,98286084.0,157621820.0,847829549.0,1078426300.0,2026,0.3854267291674333,1.2719848008033985,9.886432855552613,0.303012055587452,0.905863931736651,0.8162359408545402,0.057817512711042754,0.39842162798905517,0.50156154270681,Moderate
9.0,"""Bank RBK"" Bank"", JSC",2727035219.0,1565454093.0,59625741.0,83646473.0,802715659.0,1209740625.0,2026,0.4436101949000901,1.5070599550867865,18.715123744667633,0.2943547092488063,0.8123395376717778,0.9010872140290759,0.06383644593130292,0.3867823575032916,0.517591565262393,Moderate
10.0,"""Freedom Bank Kazakhstan"", JSC",2589541185.0,1078945081.0,15695944.0,28906949.0,882280022.0,589595061.0,2026,0.2276832144687438,0.6682629622095194,37.32476509368042,0.3407090132841428,0.6152032404799874,0.5861922697073025,0.04235964162642496,0.44910287255975706,0.3796390859227663,Moderate
11.0,"""Altyn Bank"", JSC (SB of China Citic Bank Corporation Limited)",1332565667.0,809477728.0,2201161.0,18031706.0,372350853.0,606842008.0,2026,0.4553936988082404,1.6297586083413644,44.89191028292054,0.2794240180585412,0.5350426960104615,0.918271568664425,0.0669780582484637,0.36670896012433346,0.4801001178397303,Moderate
12.0," ""Home Credit Bank"", Joint Stock Company",1265943242.0,952377671.0,66817412.0,46793170.0,557721434.0,37227145.0,2026,0.0294066461788497,0.0667486360224771,20.35292054374602,0.4405580088400203,0.7949899719027412,0.29703762674775797,0.026958292337145976,0.583343715139756,0.32014862473609096,Weak
15.0,"""Industrial and Commercial Bank of China in Almaty"", JSC",616891721.0,162111949.0,0.0,1818592.0,10560948.0,315500509.0,2026,0.5114357970124226,29.874260246333947,89.14146163625486,0.0171196137676809,0.06629681624867578,1.0,0.7901585649968111,0.014056797241588674,0.6386085397724235,Strong
17.0,"""Nurbank"", JSC",564331948.0,364679020.0,21037809.0,34752382.0,155298373.0,233183149.0,2026,0.4132021052970759,1.501517012029482,10.493640982652645,0.2751897594144359,0.899431633576987,0.8567418818091538,0.06369452279098925,0.36101625941240445,0.5112199255584587,Moderate
18.0,"""KMF Bank"", JSC",404560975.0,332360804.0,22092519.0,34209070.0,4718000.0,120.0,2026,2.9661783368996476e-07,2.543450614667232e-05,9.715575547654469,0.0116620244945771,0.9076738632874803,0.2541531720620828,0.02524989190923595,0.00671940362637676,0.23495006242704014,Weak
19.0,"SB ""KAZAKHSTAN-ZIRAAT INTERNATIONAL BANK"", JSC",307038224.0,189586869.0,1199283.0,6957121.0,49235893.0,112590173.0,2026,0.3666975776931279,2.286749891994444,27.250764935668073,0.160357535809613,0.7219194878173074,0.7889224708152061,0.0837998558333918,0.206631386873355,0.44473544553060856,Moderate
20.0,"Subsidiary JSC ""Bank VTB (Kazakhstan)"" ",266974504.0,44794672.0,4847778.0,8006562.0,38581286.0,48310131.0,2026,0.1809540996469086,1.2521648708132749,5.594744910487173,0.144512998140077,0.9513267890978288,0.5180453341986753,0.0573100374084977,0.18532937902432517,0.3718728052808336,Moderate
21.0,"""ADCB"" Islamic Bank"", JSC",256180252.0,168707582.0,121227.0,1787159.0,6741578.0,11568099.0,2026,0.0451560918911111,1.7159334209290469,94.39987264703365,0.0263157598892517,0.010593234630083215,0.3200056728008921,0.06918450343325945,0.02642045094662373,0.14176861451845907,Weak
22.0,"""Islamic bank ""Zaman-Bank"", JSC",44956899.0,20342432.0,4297297.0,6351172.0,1319335.0,15644951.0,2026,0.3479988911156884,11.858209628335487,3.2029414413591697,0.0293466637901337,0.9766637244353487,0.7616534289523934,0.3288703191457152,0.0304953151069318,0.53275716776568,Moderate
23.0,"""BNK Commercial Bank"" JSC",23340202.0,13398850.0,581214.0,2108068.0,333426.0,30956.0,2026,0.0013262952908462,0.0928421898712158,6.355985670291471,0.0142854804769898,0.943262787119239,0.25608692891578816,0.027626399345619904,0.010246479082569362,0.2423260548217641,Weak
